<?xml version="1.0" encoding="UTF-8"?>
<project-private xmlns="http://www.netbeans.org/ns/project-private/1">
    <editor-bookmarks xmlns="http://www.netbeans.org/ns/editor-bookmarks/2" lastBookmarkId="0"/>
    <open-files xmlns="http://www.netbeans.org/ns/projectui-open-files/2">
        <group>
            <file>file:/C:/Users/bendr/Google%20Drive/Bradley/18FA/CIS%20435/Java%20Directory/Project%203/CIS435-Project-3/Server/src/Cryptography/MAC.java</file>
            <file>file:/C:/Users/bendr/Google%20Drive/Bradley/18FA/CIS%20435/Java%20Directory/Project%203/CIS435-Project-3/Server/src/Cryptography/RSA.java</file>
            <file>file:/C:/Users/bendr/Google%20Drive/Bradley/18FA/CIS%20435/Java%20Directory/Project%203/CIS435-Project-3/Server/src/SSL/ChatServer.java</file>
        </group>
    </open-files>
</project-private>
